Player Name,RHP,LHP,HPPower,HPAvg,HPFinesse,HPGroundball,HPFlyball,HPHome,HPAway
Carson Kelly,0.18655097613882862,1,2,3,4,5,6,7,8
Jake Lamb,0.20967741935483872,1,2,3,4,5,6,7,8
Ketel Marte,0.25541795665634676,1,2,3,4,5,6,7,8
Nick Ahmed,0.21404109589041095,1,2,3,4,5,6,7,8
Eduardo Escobar,0.23754152823920266,1,2,3,4,5,6,7,8
David Peralta,0.2639751552795031,1,2,3,4,5,6,7,8
Starling Marte,0.26253687315634217,1,2,3,4,5,6,7,8
Kole Calhoun,0.22188905547226387,1,2,3,4,5,6,7,8
Christian Walker,0.21641791044776118,1,2,3,4,5,6,7,8
Ildemaro Vargas,0.25595238095238093,1,2,3,4,5,6,7,8
Kevin Cron,0.1798780487804878,1,2,3,4,5,6,7,8
Stephen Vogt,0.22977941176470587,1,2,3,4,5,6,7,8
Josh Rojas,0.19047619047619047,1,2,3,4,5,6,7,8
Tim Locastro,0.20689655172413793,1,2,3,4,5,6,7,8
Luke Weaver,0.15546218487394958,1,2,3,4,5,6,7,8
Stefan Crichton,0,1,2,3,4,5,6,7,8
Robbie Ray,0.12923076923076923,1,2,3,4,5,6,7,8
Andrew Chafin,0.3333333333333333,1,2,3,4,5,6,7,8
Kevin Ginkel,0,1,2,3,4,5,6,7,8
Taylor Widener,0,1,2,3,4,5,6,7,8
Madison Bumgarner,0.1544502617801047,1,2,3,4,5,6,7,8
Junior Guerra,0.12698412698412698,1,2,3,4,5,6,7,8
Yoan López,0,1,2,3,4,5,6,7,8
Zac Gallen,0.08273381294964029,1,2,3,4,5,6,7,8
Archie Bradley,0.08333333333333333,1,2,3,4,5,6,7,8
Taylor Clarke,0.23834196891191708,1,2,3,4,5,6,7,8
Hector Rondon,0.5,1,2,3,4,5,6,7,8
Alex Young,0.039525691699604744,1,2,3,4,5,6,7,8
William Contreras,0.4,1,2,3,4,5,6,7,8
Freddie Freeman,0.2536443148688047,1,2,3,4,5,6,7,8
Ozzie Albies,0.2553191489361702,1,2,3,4,5,6,7,8
Dansby Swanson,0.22015503875968992,1,2,3,4,5,6,7,8
Austin Riley,0.20431893687707642,1,2,3,4,5,6,7,8
Marcell Ozuna,0.25,1,2,3,4,5,6,7,8
Ender Inciarte,0.26138032305433184,1,2,3,4,5,6,7,8
Ronald Acuna Jr.,0.2493150684931507,1,2,3,4,5,6,7,8
Matt Adams,0.242,1,2,3,4,5,6,7,8
Adam Duvall,0.21025641025641026,1,2,3,4,5,6,7,8
Johan Camargo,0.24528301886792453,1,2,3,4,5,6,7,8
Alex Jackson,0.0,1,2,3,4,5,6,7,8
Charlie Culberson,0.23076923076923078,1,2,3,4,5,6,7,8
Adeiny Hechavarria,0.2367066895368782,1,2,3,4,5,6,7,8
Mike Soroka,0.07008086253369272,1,2,3,4,5,6,7,8
Max Fried,0.14485981308411214,1,2,3,4,5,6,7,8
Sean Newcomb,0.03184713375796178,1,2,3,4,5,6,7,8
Luke Jackson,0.0,1,2,3,4,5,6,7,8
A.J. Minter,0,1,2,3,4,5,6,7,8
Chris Martin,0,1,2,3,4,5,6,7,8
Mike Foltynewicz,0.06309148264984227,1,2,3,4,5,6,7,8
Grant Dayton,0.0,1,2,3,4,5,6,7,8
Tyler Matzek,0.19135802469135801,1,2,3,4,5,6,7,8
Touki Toussaint,0.047619047619047616,1,2,3,4,5,6,7,8
Josh Tomlin,0.2753623188405797,1,2,3,4,5,6,7,8
Shane Greene,0.0,1,2,3,4,5,6,7,8
Jhoulys Chacin,0.16387959866220736,1,2,3,4,5,6,7,8
Darren O'Day,0.0,1,2,3,4,5,6,7,8
Pedro Severino,0.19681908548707752,1,2,3,4,5,6,7,8
Chris Davis,0.2062015503875969,1,2,3,4,5,6,7,8
Hanser Alberto,0.2660377358490566,1,2,3,4,5,6,7,8
José Iglesias,0.2546689303904924,1,2,3,4,5,6,7,8
Rio Ruiz,0.19517102615694165,1,2,3,4,5,6,7,8
DJ Stewart,0.20436507936507936,1,2,3,4,5,6,7,8
Austin Hays,0.2375,1,2,3,4,5,6,7,8
Anthony Santander,0.2334384858044164,1,2,3,4,5,6,7,8
Renato Nunez,0.22166666666666668,1,2,3,4,5,6,7,8
Pat Valaika,0.19672131147540983,1,2,3,4,5,6,7,8
Chance Sisco,0.1724137931034483,1,2,3,4,5,6,7,8
Cedric Mullins,0.17014446227929375,1,2,3,4,5,6,7,8
Andrew Velazquez,0.135,1,2,3,4,5,6,7,8
Dwight Smith Jr.,0.22777777777777777,1,2,3,4,5,6,7,8
Travis Lakins,0,1,2,3,4,5,6,7,8
Cody Carroll,0,1,2,3,4,5,6,7,8
Paul Fry,0,1,2,3,4,5,6,7,8
Wade LeBlanc,0.20915032679738563,1,2,3,4,5,6,7,8
Alex Cobb,0.07901234567901234,1,2,3,4,5,6,7,8
Mychal Givens,0.0,1,2,3,4,5,6,7,8
Richard Bleier,0,1,2,3,4,5,6,7,8
Tanner Scott,0,1,2,3,4,5,6,7,8
David Hess,0.0,1,2,3,4,5,6,7,8
Miguel Castro,0,1,2,3,4,5,6,7,8
Cole Sulser,0,1,2,3,4,5,6,7,8
Tommy Milone,0.13168724279835392,1,2,3,4,5,6,7,8
Christian Vazquez,0.2382608695652174,1,2,3,4,5,6,7,8
Michael Chavis,0.22580645161290322,1,2,3,4,5,6,7,8
Jose Peraza,0.25510204081632654,1,2,3,4,5,6,7,8
Xander Bogaerts,0.2600574712643678,1,2,3,4,5,6,7,8
Rafael Devers,0.2582972582972583,1,2,3,4,5,6,7,8
Andrew Benintendi,0.24113475177304963,1,2,3,4,5,6,7,8
Jackie Bradley Jr.,0.20922570016474465,1,2,3,4,5,6,7,8
Kevin Pillar,0.24476650563607086,1,2,3,4,5,6,7,8
J.D. Martinez,0.2637853949329359,1,2,3,4,5,6,7,8
Alex Verdugo,0.2584493041749503,1,2,3,4,5,6,7,8
Mitch Moreland,0.22580645161290322,1,2,3,4,5,6,7,8
Kevin Plawecki,0.1921641791044776,1,2,3,4,5,6,7,8
Tzu-Wei Lin,0.22028985507246376,1,2,3,4,5,6,7,8
Jonathan Arauz,0.0,1,2,3,4,5,6,7,8
Jonathan Lucroy,0.24715447154471545,1,2,3,4,5,6,7,8
Jeffrey Springs,0,1,2,3,4,5,6,7,8
Heath Hembree,0.0,1,2,3,4,5,6,7,8
Austin Brice,0.0,1,2,3,4,5,6,7,8
Josh Osich,0.0,1,2,3,4,5,6,7,8
Dylan Covey,0.0,1,2,3,4,5,6,7,8
Phillips Valdez,0,1,2,3,4,5,6,7,8
Nathan Eovaldi,0.07046979865771812,1,2,3,4,5,6,7,8
Zack Godley,0.06557377049180328,1,2,3,4,5,6,7,8
Martin Perez,0.04152249134948097,1,2,3,4,5,6,7,8
Matthew Barnes,0.0,1,2,3,4,5,6,7,8
Colten Brewer,0,1,2,3,4,5,6,7,8
Ryan Weber,0.0,1,2,3,4,5,6,7,8
Marcus Walden,0.0,1,2,3,4,5,6,7,8
Willson Contreras,0.2358642972536349,1,2,3,4,5,6,7,8
Anthony Rizzo,0.2316546762589928,1,2,3,4,5,6,7,8
Nico Hoerner,0.27938931297709924,1,2,3,4,5,6,7,8
Javier Baez,0.25207296849087896,1,2,3,4,5,6,7,8
Kris Bryant,0.24123422159887797,1,2,3,4,5,6,7,8
Kyle Schwarber,0.20128824476650564,1,2,3,4,5,6,7,8
Ian Happ,0.21320754716981133,1,2,3,4,5,6,7,8
Jason Heyward,0.2301829268292683,1,2,3,4,5,6,7,8
Victor Caratini,0.22602739726027396,1,2,3,4,5,6,7,8
Steven Souza Jr.,0.20545746388443017,1,2,3,4,5,6,7,8
Albert Almora,0.25389755011135856,1,2,3,4,5,6,7,8
David Bote,0.21710526315789475,1,2,3,4,5,6,7,8
Jason Kipnis,0.23142857142857143,1,2,3,4,5,6,7,8
Josh Phegley,0.20980392156862746,1,2,3,4,5,6,7,8
Jon Lester,0.09041095890410959,1,2,3,4,5,6,7,8
Rowan Wick,0,1,2,3,4,5,6,7,8
Dan Winkler,0.0,1,2,3,4,5,6,7,8
Casey Sadler,0.0,1,2,3,4,5,6,7,8
Jeremy Jeffress,0.0,1,2,3,4,5,6,7,8
Yu Darvish,0.09226190476190477,1,2,3,4,5,6,7,8
James Norwood,0.0,1,2,3,4,5,6,7,8
Ryan Tepera,0.0,1,2,3,4,5,6,7,8
Tyler Chatwood,0.1735159817351598,1,2,3,4,5,6,7,8
Rex Brothers,0.0,1,2,3,4,5,6,7,8
Brad Wieck,0.0,1,2,3,4,5,6,7,8
Kyle Hendricks,0.0903954802259887,1,2,3,4,5,6,7,8
Craig Kimbrel,0,1,2,3,4,5,6,7,8
Duane Underwood Jr.,0.0,1,2,3,4,5,6,7,8
Dillon Maples,0,1,2,3,4,5,6,7,8
Kyle Ryan,0.0,1,2,3,4,5,6,7,8
Yasmani Grandal,0.2042833607907743,1,2,3,4,5,6,7,8
José Abreu,0.26638176638176636,1,2,3,4,5,6,7,8
Leury Garcia,0.23897058823529413,1,2,3,4,5,6,7,8
Tim Anderson,0.26300148588410105,1,2,3,4,5,6,7,8
Yoan Moncada,0.2391304347826087,1,2,3,4,5,6,7,8
Eloy Jimenez,0.2511278195488722,1,2,3,4,5,6,7,8
Luis Robert,0.3333333333333333,1,2,3,4,5,6,7,8
Nicky Delmonico,0.19761499148211242,1,2,3,4,5,6,7,8
Edwin Encarnacion,0.22767857142857142,1,2,3,4,5,6,7,8
Adam Engel,0.2,1,2,3,4,5,6,7,8
James McCann,0.22899505766062603,1,2,3,4,5,6,7,8
Danny Mendick,0.2720763723150358,1,2,3,4,5,6,7,8
Zack Collins,0.15604026845637584,1,2,3,4,5,6,7,8
Cheslor Cuthbert,0.23195876288659795,1,2,3,4,5,6,7,8
Codi Heuer,0,1,2,3,4,5,6,7,8
Gio Gonzalez,0.07758620689655173,1,2,3,4,5,6,7,8
Kelvin Herrera,0,1,2,3,4,5,6,7,8
Reynaldo Lopez,0.05454545454545454,1,2,3,4,5,6,7,8
Evan Marshall,0,1,2,3,4,5,6,7,8
Aaron Bummer,0,1,2,3,4,5,6,7,8
Jimmy Lambert,0,1,2,3,4,5,6,7,8
Ross Detwiler,0.05673758865248227,1,2,3,4,5,6,7,8
Jimmy Cordero,0.0,1,2,3,4,5,6,7,8
Dallas Keuchel,0.0915032679738562,1,2,3,4,5,6,7,8
Lucas Giolito,0.1228813559322034,1,2,3,4,5,6,7,8
Steve Cishek,0.0,1,2,3,4,5,6,7,8
Jace Fry,0,1,2,3,4,5,6,7,8
Curt Casali,0.2025586353944563,1,2,3,4,5,6,7,8
Joey Votto,0.25287356321839083,1,2,3,4,5,6,7,8
Mike Moustakas,0.22923076923076924,1,2,3,4,5,6,7,8
Freddy Galvis,0.23089171974522293,1,2,3,4,5,6,7,8
Eugenio Suarez,0.2323076923076923,1,2,3,4,5,6,7,8
Shogo Akiyama,0.2219178082191781,1,2,3,4,5,6,7,8
Nick Senzel,0.22790697674418606,1,2,3,4,5,6,7,8
Nicholas Castellanos,0.2556390977443609,1,2,3,4,5,6,7,8
Jesse Winker,0.2446043165467626,1,2,3,4,5,6,7,8
Phil Ervin,0.22894168466522677,1,2,3,4,5,6,7,8
Josh VanMeter,0.20090293453724606,1,2,3,4,5,6,7,8
Aristides Aquino,0.23417721518987342,1,2,3,4,5,6,7,8
Kyle Farmer,0.21498371335504887,1,2,3,4,5,6,7,8
Tyler Stephenson,0.6666666666666666,1,2,3,4,5,6,7,8
Travis Jankowski,0.21398305084745764,1,2,3,4,5,6,7,8
Matt Davidson,0.20361247947454844,1,2,3,4,5,6,7,8
Christian Colon,0.23058823529411765,1,2,3,4,5,6,7,8
Michael Lorenzen,0.20987654320987653,1,2,3,4,5,6,7,8
Raisel Iglesias,0.09090909090909091,1,2,3,4,5,6,7,8
Brooks Raley,0.1419753086419753,1,2,3,4,5,6,7,8
Nate Jones,0,1,2,3,4,5,6,7,8
Sonny Gray,0.10576923076923077,1,2,3,4,5,6,7,8
Lucas Sims,0.06930693069306931,1,2,3,4,5,6,7,8
Wade Miley,0.13031161473087818,1,2,3,4,5,6,7,8
Luis Castillo,0.0847457627118644,1,2,3,4,5,6,7,8
Pedro Strop,0.0,1,2,3,4,5,6,7,8
Amir Garrett,0.034482758620689655,1,2,3,4,5,6,7,8
Trevor Bauer,0.08196721311475409,1,2,3,4,5,6,7,8
Tejay Antone,0,1,2,3,4,5,6,7,8
Robert Stephenson,0.02666666666666667,1,2,3,4,5,6,7,8
Roberto Perez,0.1844484629294756,1,2,3,4,5,6,7,8
Carlos Santana,0.20893371757925072,1,2,3,4,5,6,7,8
Cesar Hernandez,0.24569640062597808,1,2,3,4,5,6,7,8
Francisco Lindor,0.25648021828103684,1,2,3,4,5,6,7,8
Jose Ramirez,0.2481089258698941,1,2,3,4,5,6,7,8
Bradley Zimmer,0.20736434108527133,1,2,3,4,5,6,7,8
Oscar Mercado,0.24372230428360414,1,2,3,4,5,6,7,8
Domingo Santana,0.22847682119205298,1,2,3,4,5,6,7,8
Franmil Reyes,0.23508771929824562,1,2,3,4,5,6,7,8
Yu Chang,0.15853658536585366,1,2,3,4,5,6,7,8
Daniel Johnson,0.0,1,2,3,4,5,6,7,8
Jordan Luplow,0.20977596741344195,1,2,3,4,5,6,7,8
Sandy Leon,0.19925512104283055,1,2,3,4,5,6,7,8
Mike Freeman,0.1989247311827957,1,2,3,4,5,6,7,8
Greg Allen,0.22004357298474944,1,2,3,4,5,6,7,8
Christian Arroyo,0.19546247818499127,1,2,3,4,5,6,7,8
Carlos Carrasco,0.09411764705882353,1,2,3,4,5,6,7,8
Dominic Leone,0,1,2,3,4,5,6,7,8
Shane Bieber,0.10123456790123457,1,2,3,4,5,6,7,8
Oliver Perez,0.14,1,2,3,4,5,6,7,8
Brad Hand,0.057692307692307696,1,2,3,4,5,6,7,8
James Karinchak,0,1,2,3,4,5,6,7,8
Nick Wittgren,0.0,1,2,3,4,5,6,7,8
Mike Clevinger,0.0,1,2,3,4,5,6,7,8
Cam Hill,0,1,2,3,4,5,6,7,8
Adam Cimber,0.0,1,2,3,4,5,6,7,8
Tony Wolters,0.20689655172413793,1,2,3,4,5,6,7,8
Daniel Murphy,0.2744186046511628,1,2,3,4,5,6,7,8
Ryan McMahon,0.212,1,2,3,4,5,6,7,8
Trevor Story,0.2485294117647059,1,2,3,4,5,6,7,8
Nolan Arenado,0.2656934306569343,1,2,3,4,5,6,7,8
Raimel Tapia,0.2562929061784897,1,2,3,4,5,6,7,8
David Dahl,0.27287319422150885,1,2,3,4,5,6,7,8
Charlie Blackmon,0.2757619738751814,1,2,3,4,5,6,7,8
Sam Hilliard,0.22033898305084745,1,2,3,4,5,6,7,8
Matt Kemp,0.26,1,2,3,4,5,6,7,8
Garrett Hampson,0.2266949152542373,1,2,3,4,5,6,7,8
Chris Owings,0.22357019064124783,1,2,3,4,5,6,7,8
Drew Butera,0.18140589569160998,1,2,3,4,5,6,7,8
Daniel Bard,0.0,1,2,3,4,5,6,7,8
Yency Almonte,0.0,1,2,3,4,5,6,7,8
Kyle Freeland,0.10256410256410256,1,2,3,4,5,6,7,8
Carlos Estevez,0,1,2,3,4,5,6,7,8
German Marquez,0.20058997050147492,1,2,3,4,5,6,7,8
Jairo Diaz,0,1,2,3,4,5,6,7,8
Jon Gray,0.07352941176470588,1,2,3,4,5,6,7,8
Wade Davis,0.2222222222222222,1,2,3,4,5,6,7,8
Austin Romine,0.22154471544715448,1,2,3,4,5,6,7,8
C.J. Cron,0.23770491803278687,1,2,3,4,5,6,7,8
Jonathan Schoop,0.24242424242424243,1,2,3,4,5,6,7,8
Niko Goodrum,0.2197452229299363,1,2,3,4,5,6,7,8
Jeimer Candelario,0.19282511210762332,1,2,3,4,5,6,7,8
Christin Stewart,0.20496894409937888,1,2,3,4,5,6,7,8
JaCoby Jones,0.19424460431654678,1,2,3,4,5,6,7,8
Cameron Maybin,0.23063973063973064,1,2,3,4,5,6,7,8
Miguel Cabrera,0.27496382054992763,1,2,3,4,5,6,7,8
Victor Reyes,0.2571428571428571,1,2,3,4,5,6,7,8
Jordy Mercer,0.233502538071066,1,2,3,4,5,6,7,8
Harold Castro,0.2755102040816326,1,2,3,4,5,6,7,8
Grayson Greiner,0.18330605564648117,1,2,3,4,5,6,7,8
Dawel Lugo,0.2231543624161074,1,2,3,4,5,6,7,8
Matthew Boyd,0.2857142857142857,1,2,3,4,5,6,7,8
Jose Cisnero,0.0,1,2,3,4,5,6,7,8
John Schreiber,0,1,2,3,4,5,6,7,8
Buck Farmer,0.2542372881355932,1,2,3,4,5,6,7,8
Anthony Castro,0,1,2,3,4,5,6,7,8
Spencer Turnbull,0.0,1,2,3,4,5,6,7,8
Joe Jimenez,0,1,2,3,4,5,6,7,8
Michael Fulmer,0.0,1,2,3,4,5,6,7,8
Gregory Soto,1.0,1,2,3,4,5,6,7,8
Ivan Nova,0.03571428571428571,1,2,3,4,5,6,7,8
Bryan Garcia,0,1,2,3,4,5,6,7,8
Kyle Funkhouser,0,1,2,3,4,5,6,7,8
Tyler Alexander,0,1,2,3,4,5,6,7,8
David McKay,0,1,2,3,4,5,6,7,8
Carson Fulmer,0.0,1,2,3,4,5,6,7,8
Beau Burrows,0,1,2,3,4,5,6,7,8
Martin Maldonado,0.19622641509433963,1,2,3,4,5,6,7,8
Yuli Gurriel,0.2727272727272727,1,2,3,4,5,6,7,8
Jose Altuve,0.2869198312236287,1,2,3,4,5,6,7,8
Carlos Correa,0.24285714285714285,1,2,3,4,5,6,7,8
Alex Bregman,0.24393723252496433,1,2,3,4,5,6,7,8
Michael Brantley,0.26878612716763006,1,2,3,4,5,6,7,8
George Springer,0.23319615912208505,1,2,3,4,5,6,7,8
Josh Reddick,0.2369281045751634,1,2,3,4,5,6,7,8
Abraham Toro,0.1935483870967742,1,2,3,4,5,6,7,8
Kyle Tucker,0.19017094017094016,1,2,3,4,5,6,7,8
Dustin Garneau,0.1848906560636183,1,2,3,4,5,6,7,8
Aledmys Díaz,0.2487644151565074,1,2,3,4,5,6,7,8
Taylor Jones,0.0,1,2,3,4,5,6,7,8
Garrett Stubbs,0.18037974683544303,1,2,3,4,5,6,7,8
Justin Verlander,0.08395061728395062,1,2,3,4,5,6,7,8
Lance McCullers Jr.,0.10123456790123457,1,2,3,4,5,6,7,8
Blake Taylor,0,1,2,3,4,5,6,7,8
Joe Biagini,0.0,1,2,3,4,5,6,7,8
Cristian Javier,0,1,2,3,4,5,6,7,8
Brandon Bielak,0,1,2,3,4,5,6,7,8
Brandon Bailey,0,1,2,3,4,5,6,7,8
Josh James,0,1,2,3,4,5,6,7,8
Zack Greinke,0.19466666666666665,1,2,3,4,5,6,7,8
Enoli Paredes,0,1,2,3,4,5,6,7,8
Roberto Osuna,0,1,2,3,4,5,6,7,8
Chris Devenski,0.0,1,2,3,4,5,6,7,8
Bryan Abreu,0,1,2,3,4,5,6,7,8
Cy Sneed,0,1,2,3,4,5,6,7,8
Salvador Perez,0.25194401244167963,1,2,3,4,5,6,7,8
Ryan McBroom,0.24956369982547993,1,2,3,4,5,6,7,8
Nicky Lopez,0.22383252818035426,1,2,3,4,5,6,7,8
Adalberto Mondesi,0.23089430894308943,1,2,3,4,5,6,7,8
Maikel Franco,0.22966507177033493,1,2,3,4,5,6,7,8
Alex Gordon,0.22767857142857142,1,2,3,4,5,6,7,8
Bubba Starling,0.2014519056261343,1,2,3,4,5,6,7,8
Whit Merrifield,0.27349228611500703,1,2,3,4,5,6,7,8
Jorge Soler,0.2220447284345048,1,2,3,4,5,6,7,8
Brett Phillips,0.18018018018018017,1,2,3,4,5,6,7,8
Franchy Cordero,0.21441441441441442,1,2,3,4,5,6,7,8
Erick Mejia,0.14622641509433962,1,2,3,4,5,6,7,8
Ryan O'Hearn,0.19185059422750425,1,2,3,4,5,6,7,8
Oscar Hernandez,0.14506172839506173,1,2,3,4,5,6,7,8
Glenn Sparkman,0.0,1,2,3,4,5,6,7,8
Jorge Lopez,0.14084507042253522,1,2,3,4,5,6,7,8
Danny Duffy,0.12464589235127478,1,2,3,4,5,6,7,8
Brady Singer,0,1,2,3,4,5,6,7,8
Trevor Rosenthal,0.0,1,2,3,4,5,6,7,8
Mike Montgomery,0.11864406779661017,1,2,3,4,5,6,7,8
Greg Holland,0,1,2,3,4,5,6,7,8
Kyle Zimmer,0,1,2,3,4,5,6,7,8
Josh Staumont,0,1,2,3,4,5,6,7,8
Richard Lovelady,0,1,2,3,4,5,6,7,8
Ian Kennedy,0.10650887573964497,1,2,3,4,5,6,7,8
Scott Barlow,0,1,2,3,4,5,6,7,8
Gabe Speier,0,1,2,3,4,5,6,7,8
Tyler Zuber,0,1,2,3,4,5,6,7,8
Ronald Bolanos,0.0,1,2,3,4,5,6,7,8
Kevin McCarthy,0,1,2,3,4,5,6,7,8
Foster Griffin,0,1,2,3,4,5,6,7,8
Jason Castro,0.2057335581787521,1,2,3,4,5,6,7,8
Albert Pujols,0.2621082621082621,1,2,3,4,5,6,7,8
Tommy La Stella,0.23963133640552994,1,2,3,4,5,6,7,8
Andrelton Simmons,0.24808575803981622,1,2,3,4,5,6,7,8
David Fletcher,0.26426426426426425,1,2,3,4,5,6,7,8
Justin Upton,0.23293768545994065,1,2,3,4,5,6,7,8
Mike Trout,0.25105189340813466,1,2,3,4,5,6,7,8
Brian Goodwin,0.23076923076923078,1,2,3,4,5,6,7,8
Shohei Ohtani,0.2549019607843137,1,2,3,4,5,6,7,8
Taylor Ward,0.16342412451361868,1,2,3,4,5,6,7,8
Max Stassi,0.18372093023255814,1,2,3,4,5,6,7,8
Jared Walsh,0.1767337807606264,1,2,3,4,5,6,7,8
Michael Hermosillo,0.16045845272206305,1,2,3,4,5,6,7,8
Matt Thaiss,0.18609406952965235,1,2,3,4,5,6,7,8
Griffin Canning,0.0,1,2,3,4,5,6,7,8
Matt Andriese,0.0,1,2,3,4,5,6,7,8
Keynan Middleton,0,1,2,3,4,5,6,7,8
Mike Mayers,0.0,1,2,3,4,5,6,7,8
Dylan Bundy,0.09876543209876543,1,2,3,4,5,6,7,8
Hansel Robles,0.0,1,2,3,4,5,6,7,8
Cam Bedrosian,0,1,2,3,4,5,6,7,8
Ty Buttrey,0,1,2,3,4,5,6,7,8
Ryan Buchter,0,1,2,3,4,5,6,7,8
Felix Pena,0.0,1,2,3,4,5,6,7,8
Andrew Heaney,0.08681672025723473,1,2,3,4,5,6,7,8
Noe Ramirez,0,1,2,3,4,5,6,7,8
Hoby Milner,0.0,1,2,3,4,5,6,7,8
Jacob Barnes,0.0,1,2,3,4,5,6,7,8
Will Smith,0.21367521367521367,1,2,3,4,5,6,7,8
Max Muncy,0.20454545454545456,1,2,3,4,5,6,7,8
Enrique Hernandez,0.21443736730360935,1,2,3,4,5,6,7,8
Corey Seager,0.26384839650145775,1,2,3,4,5,6,7,8
Justin Turner,0.25734024179620035,1,2,3,4,5,6,7,8
Chris Taylor,0.23601398601398602,1,2,3,4,5,6,7,8
Cody Bellinger,0.24096385542168675,1,2,3,4,5,6,7,8
Mookie Betts,0.2658569500674764,1,2,3,4,5,6,7,8
Joc Pederson,0.19926873857404023,1,2,3,4,5,6,7,8
AJ Pollock,0.25391849529780564,1,2,3,4,5,6,7,8
Austin Barnes,0.19518072289156627,1,2,3,4,5,6,7,8
Edwin Rios,0.22727272727272727,1,2,3,4,5,6,7,8
Terrance Gore,0.1935483870967742,1,2,3,4,5,6,7,8
Dustin May,0.08759124087591241,1,2,3,4,5,6,7,8
Joe Kelly,0.14912280701754385,1,2,3,4,5,6,7,8
Scott Alexander,0.0,1,2,3,4,5,6,7,8
Julio Urias,0.1357142857142857,1,2,3,4,5,6,7,8
Kenley Jansen,0.3333333333333333,1,2,3,4,5,6,7,8
Caleb Ferguson,0.3125,1,2,3,4,5,6,7,8
Adam Kolarek,0,1,2,3,4,5,6,7,8
Jake McGee,0,1,2,3,4,5,6,7,8
Dennis Santana,0.5,1,2,3,4,5,6,7,8
Pedro Baez,0.0,1,2,3,4,5,6,7,8
Alex Wood,0.0830188679245283,1,2,3,4,5,6,7,8
Brusdar Graterol,0,1,2,3,4,5,6,7,8
Dylan Floro,0.0,1,2,3,4,5,6,7,8
Blake Treinen,0.058823529411764705,1,2,3,4,5,6,7,8
Ross Stripling,0.08196721311475409,1,2,3,4,5,6,7,8
Francisco Cervelli,0.23103448275862068,1,2,3,4,5,6,7,8
Jesus Aguilar,0.22268907563025211,1,2,3,4,5,6,7,8
Isan Diaz,0.15742128935532235,1,2,3,4,5,6,7,8
Miguel Rojas,0.24267782426778242,1,2,3,4,5,6,7,8
Brian Anderson,0.2359882005899705,1,2,3,4,5,6,7,8
Corey Dickerson,0.2660098522167488,1,2,3,4,5,6,7,8
Magneuris Sierra,0.23758099352051837,1,2,3,4,5,6,7,8
Harold Ramirez,0.2582236842105263,1,2,3,4,5,6,7,8
Jonathan Villar,0.232,1,2,3,4,5,6,7,8
Jon Berti,0.24213836477987422,1,2,3,4,5,6,7,8
Garrett Cooper,0.2545155993431856,1,2,3,4,5,6,7,8
Chad Wallach,0.1751054852320675,1,2,3,4,5,6,7,8
Yimi Garcia,0.0,1,2,3,4,5,6,7,8
Ryne Stanek,0,1,2,3,4,5,6,7,8
Robert Dugger,0.0,1,2,3,4,5,6,7,8
Nick Neidert,0,1,2,3,4,5,6,7,8
Alex Vesia,0,1,2,3,4,5,6,7,8
Jordan Holloway,0,1,2,3,4,5,6,7,8
Stephen Tarpley,0,1,2,3,4,5,6,7,8
Brandon Kintzler,0.0,1,2,3,4,5,6,7,8
Caleb Smith,0.17314487632508835,1,2,3,4,5,6,7,8
Jeff Brigham,0.21739130434782608,1,2,3,4,5,6,7,8
Brad Boxberger,0.0,1,2,3,4,5,6,7,8
Sandy Alcantara,0.06569343065693431,1,2,3,4,5,6,7,8
Omar Narvaez,0.23835125448028674,1,2,3,4,5,6,7,8
Justin Smoak,0.2020033388981636,1,2,3,4,5,6,7,8
Keston Hiura,0.26627218934911245,1,2,3,4,5,6,7,8
Orlando Arcia,0.22438162544169613,1,2,3,4,5,6,7,8
Eric Sogard,0.22113502935420742,1,2,3,4,5,6,7,8
Christian Yelich,0.26264044943820225,1,2,3,4,5,6,7,8
Lorenzo Cain,0.26126126126126126,1,2,3,4,5,6,7,8
Avisail Garcia,0.25194401244167963,1,2,3,4,5,6,7,8
Ryan Braun,0.26814814814814814,1,2,3,4,5,6,7,8
Ben Gamel,0.23471400394477318,1,2,3,4,5,6,7,8
Logan Morrison,0.2097560975609756,1,2,3,4,5,6,7,8
Jedd Gyorko,0.22164048865619546,1,2,3,4,5,6,7,8
Manny Pina,0.2332657200811359,1,2,3,4,5,6,7,8
Brock Holt,0.24096385542168675,1,2,3,4,5,6,7,8
Bobby Wahl,0,1,2,3,4,5,6,7,8
Devin Williams,0.0,1,2,3,4,5,6,7,8
David Phelps,0.09523809523809523,1,2,3,4,5,6,7,8
Brandon Woodruff,0.22566371681415928,1,2,3,4,5,6,7,8
Jonathon Feyereisen,0,1,2,3,4,5,6,7,8
Freddy Peralta,0.06716417910447761,1,2,3,4,5,6,7,8
Corey Knebel,0,1,2,3,4,5,6,7,8
Justin Grimm,0.0,1,2,3,4,5,6,7,8
Eric Lauer,0.07169811320754717,1,2,3,4,5,6,7,8
Josh Hader,0.1111111111111111,1,2,3,4,5,6,7,8
Adrian Houser,0.037383177570093455,1,2,3,4,5,6,7,8
Alex Claudio,0,1,2,3,4,5,6,7,8
Eric Yardley,0,1,2,3,4,5,6,7,8
Corbin Burnes,0.20833333333333334,1,2,3,4,5,6,7,8
Brent Suter,0.14093959731543623,1,2,3,4,5,6,7,8
Mitch Garver,0.23381294964028776,1,2,3,4,5,6,7,8
Miguel Sano,0.21198830409356725,1,2,3,4,5,6,7,8
Luis Arraez,0.3018575851393189,1,2,3,4,5,6,7,8
Jorge Polanco,0.25290697674418605,1,2,3,4,5,6,7,8
Josh Donaldson,0.23319027181688126,1,2,3,4,5,6,7,8
Eddie Rosario,0.2629179331306991,1,2,3,4,5,6,7,8
Jake Cave,0.23649906890130354,1,2,3,4,5,6,7,8
Max Kepler,0.20948012232415902,1,2,3,4,5,6,7,8
Nelson Cruz,0.24774774774774774,1,2,3,4,5,6,7,8
Marwin Gonzalez,0.2407079646017699,1,2,3,4,5,6,7,8
Alex Avila,0.19858156028368795,1,2,3,4,5,6,7,8
Ehire Adrianza,0.22093023255813954,1,2,3,4,5,6,7,8
Aaron Whitefield,0,1,2,3,4,5,6,7,8
LaMonte Wade Jr,0.15942028985507245,1,2,3,4,5,6,7,8
Kenta Maeda,0.12601626016260162,1,2,3,4,5,6,7,8
Zack Littell,0,1,2,3,4,5,6,7,8
Cody Stashak,0,1,2,3,4,5,6,7,8
Tyler Duffey,0.0,1,2,3,4,5,6,7,8
Jose Berrios,0.13486842105263158,1,2,3,4,5,6,7,8
Lewis Thorpe,0,1,2,3,4,5,6,7,8
Tyler Clippard,0.16666666666666666,1,2,3,4,5,6,7,8
Randy Dobnak,0,1,2,3,4,5,6,7,8
Trevor May,0.0,1,2,3,4,5,6,7,8
Matt Wisler,0.10625,1,2,3,4,5,6,7,8
Devin Smeltzer,0,1,2,3,4,5,6,7,8
Wilson Ramos,0.2532051282051282,1,2,3,4,5,6,7,8
Pete Alonso,0.22094691535150646,1,2,3,4,5,6,7,8
Robinson Cano,0.2765647743813683,1,2,3,4,5,6,7,8
Amed Rosario,0.25505443234836706,1,2,3,4,5,6,7,8
Jeff McNeil,0.2878338278931751,1,2,3,4,5,6,7,8
J.D. Davis,0.246,1,2,3,4,5,6,7,8
Brandon Nimmo,0.20774647887323944,1,2,3,4,5,6,7,8
Michael Conforto,0.2173228346456693,1,2,3,4,5,6,7,8
Yoenis Céspedes,0.24926253687315633,1,2,3,4,5,6,7,8
Dominic Smith,0.21768707482993196,1,2,3,4,5,6,7,8
Tomas Nido,0.17713004484304934,1,2,3,4,5,6,7,8
Jake Marisnick,0.20871559633027523,1,2,3,4,5,6,7,8
Andres Gimenez,0.0,1,2,3,4,5,6,7,8
Eduardo Nunez,0.25880281690140844,1,2,3,4,5,6,7,8
Rene Rivera,0.2037037037037037,1,2,3,4,5,6,7,8
Luis Guillorme,0.2,1,2,3,4,5,6,7,8
Drew Smith,0,1,2,3,4,5,6,7,8
Seth Lugo,0.13333333333333333,1,2,3,4,5,6,7,8
Jeurys Familia,0.5,1,2,3,4,5,6,7,8
Dellin Betances,0.0,1,2,3,4,5,6,7,8
Corey Oswalt,0.0,1,2,3,4,5,6,7,8
Paul Sewald,0.0,1,2,3,4,5,6,7,8
Edwin Diaz,0.0,1,2,3,4,5,6,7,8
Justin Wilson,0.0,1,2,3,4,5,6,7,8
Steven Matz,0.15358361774744028,1,2,3,4,5,6,7,8
Rick Porcello,0.16666666666666666,1,2,3,4,5,6,7,8
Michael Wacha,0.08053691275167785,1,2,3,4,5,6,7,8
Chasen Shreve,0.0,1,2,3,4,5,6,7,8
Hunter Strickland,0.0,1,2,3,4,5,6,7,8
Jacob deGrom,0.17073170731707318,1,2,3,4,5,6,7,8
Gary Sanchez,0.21637426900584794,1,2,3,4,5,6,7,8
Luke Voit,0.2323943661971831,1,2,3,4,5,6,7,8
DJ LeMahieu,0.27439024390243905,1,2,3,4,5,6,7,8
Gleyber Torres,0.2473444613050076,1,2,3,4,5,6,7,8
Gio Urshela,0.2495274102079395,1,2,3,4,5,6,7,8
Brett Gardner,0.22565687789799072,1,2,3,4,5,6,7,8
Aaron Hicks,0.2032520325203252,1,2,3,4,5,6,7,8
Aaron Judge,0.22507122507122507,1,2,3,4,5,6,7,8
Giancarlo Stanton,0.23313782991202345,1,2,3,4,5,6,7,8
Miguel Andujar,0.2708978328173375,1,2,3,4,5,6,7,8
Mike Tauchman,0.2211764705882353,1,2,3,4,5,6,7,8
Tyler Wade,0.18028169014084508,1,2,3,4,5,6,7,8
Kyle Higashioka,0.1514476614699332,1,2,3,4,5,6,7,8
Mike Ford,0.23224568138195778,1,2,3,4,5,6,7,8
Thairo Estrada,0.24444444444444444,1,2,3,4,5,6,7,8
David Hale,0.056,1,2,3,4,5,6,7,8
Ben Heller,0,1,2,3,4,5,6,7,8
Jonathan Loaisiga,0.0,1,2,3,4,5,6,7,8
Jonathan Holder,0,1,2,3,4,5,6,7,8
Mike King,0,1,2,3,4,5,6,7,8
James Paxton,0.0,1,2,3,4,5,6,7,8
Zack Britton,0.6296296296296297,1,2,3,4,5,6,7,8
Gerrit Cole,0.143646408839779,1,2,3,4,5,6,7,8
Tommy Kahnle,0.0,1,2,3,4,5,6,7,8
Luis Avilan,0.0,1,2,3,4,5,6,7,8
Chad Green,0.0,1,2,3,4,5,6,7,8
Adam Ottavino,0.07692307692307693,1,2,3,4,5,6,7,8
Sean Murphy,0.20668058455114824,1,2,3,4,5,6,7,8
Matt Olson,0.22137404580152673,1,2,3,4,5,6,7,8
Tony Kemp,0.20327102803738317,1,2,3,4,5,6,7,8
Marcus Semien,0.23201174743024963,1,2,3,4,5,6,7,8
Matt Chapman,0.22713864306784662,1,2,3,4,5,6,7,8
Mark Canha,0.2195945945945946,1,2,3,4,5,6,7,8
Ramon Laureano,0.25961538461538464,1,2,3,4,5,6,7,8
Stephen Piscotty,0.23556231003039513,1,2,3,4,5,6,7,8
Khris Davis,0.21684867394695787,1,2,3,4,5,6,7,8
Robbie Grossman,0.21859706362153344,1,2,3,4,5,6,7,8
Chad Pinder,0.2222222222222222,1,2,3,4,5,6,7,8
Austin Allen,0.20118343195266272,1,2,3,4,5,6,7,8
Vimael Machin,0.0,1,2,3,4,5,6,7,8
Franklin Barreto,0.18095238095238095,1,2,3,4,5,6,7,8
J.B. Wendelken,0,1,2,3,4,5,6,7,8
Burch Smith,0.08695652173913043,1,2,3,4,5,6,7,8
Frankie Montas,0.0,1,2,3,4,5,6,7,8
Liam Hendriks,0.0,1,2,3,4,5,6,7,8
Mike Fiers,0.06854838709677419,1,2,3,4,5,6,7,8
Jake Diekman,0,1,2,3,4,5,6,7,8
Joakim Soria,0,1,2,3,4,5,6,7,8
Chris Bassitt,0.0,1,2,3,4,5,6,7,8
Jesus Luzardo,0,1,2,3,4,5,6,7,8
Yusmeiro Petit,0.047619047619047616,1,2,3,4,5,6,7,8
T.J. McFarland,0.047619047619047616,1,2,3,4,5,6,7,8
Lou Trivino,0,1,2,3,4,5,6,7,8
Sean Manaea,0.08333333333333333,1,2,3,4,5,6,7,8
J.T. Realmuto,0.25577812018489987,1,2,3,4,5,6,7,8
Rhys Hoskins,0.19574468085106383,1,2,3,4,5,6,7,8
Scott Kingery,0.2222222222222222,1,2,3,4,5,6,7,8
Didi Gregorius,0.2422360248447205,1,2,3,4,5,6,7,8
Jean Segura,0.26598837209302323,1,2,3,4,5,6,7,8
Andrew McCutchen,0.2460881934566145,1,2,3,4,5,6,7,8
Roman Quinn,0.21485943775100402,1,2,3,4,5,6,7,8
Bryce Harper,0.23088023088023088,1,2,3,4,5,6,7,8
Jay Bruce,0.2198473282442748,1,2,3,4,5,6,7,8
Phil Gosselin,0.24545454545454545,1,2,3,4,5,6,7,8
Adam Haseley,0.2542955326460481,1,2,3,4,5,6,7,8
Neil Walker,0.2383177570093458,1,2,3,4,5,6,7,8
Deolis Guerra,0.0,1,2,3,4,5,6,7,8
Ramon Rosso,0,1,2,3,4,5,6,7,8
Tommy Hunter,0.0,1,2,3,4,5,6,7,8
Aaron Nola,0.06686046511627906,1,2,3,4,5,6,7,8
Trevor Kelley,0,1,2,3,4,5,6,7,8
Austin Davis,0.0,1,2,3,4,5,6,7,8
Reggie McClain,0,1,2,3,4,5,6,7,8
Zack Wheeler,0.13313609467455623,1,2,3,4,5,6,7,8
Nick Pivetta,0.07423580786026202,1,2,3,4,5,6,7,8
Vince Velasquez,0.19915254237288135,1,2,3,4,5,6,7,8
Cole Irvin,0.12903225806451613,1,2,3,4,5,6,7,8
Hector Neris,0.0,1,2,3,4,5,6,7,8
Jacob Stallings,0.24074074074074073,1,2,3,4,5,6,7,8
Josh Bell,0.22981366459627328,1,2,3,4,5,6,7,8
Adam Frazier,0.2513274336283186,1,2,3,4,5,6,7,8
Kevin Newman,0.2685624012638231,1,2,3,4,5,6,7,8
Phillip Evans,0.2315112540192926,1,2,3,4,5,6,7,8
Bryan Reynolds,0.27382753403933435,1,2,3,4,5,6,7,8
Jarrod Dyson,0.21818181818181817,1,2,3,4,5,6,7,8
Guillermo Heredia,0.210752688172043,1,2,3,4,5,6,7,8
Colin Moran,0.2518939393939394,1,2,3,4,5,6,7,8
Jose Osuna,0.229064039408867,1,2,3,4,5,6,7,8
Erik Gonzalez,0.24307692307692308,1,2,3,4,5,6,7,8
Gregory Polanco,0.22530864197530864,1,2,3,4,5,6,7,8
Cole Tucker,0.19247787610619468,1,2,3,4,5,6,7,8
John Ryan Murphy,0.20238095238095238,1,2,3,4,5,6,7,8
Mitch Keller,0.0,1,2,3,4,5,6,7,8
Dovydas Neverauskas,0,1,2,3,4,5,6,7,8
Chris Stratton,0.11392405063291139,1,2,3,4,5,6,7,8
Steven Brault,0.2356687898089172,1,2,3,4,5,6,7,8
JT Brubaker,0,1,2,3,4,5,6,7,8
Clay Holmes,0.0,1,2,3,4,5,6,7,8
Richard Rodriguez,0.0,1,2,3,4,5,6,7,8
Joe Musgrove,0.12757201646090535,1,2,3,4,5,6,7,8
Nick Burdi,0,1,2,3,4,5,6,7,8
Robbie Erlin,0.09923664122137404,1,2,3,4,5,6,7,8
Kyle Crick,0,1,2,3,4,5,6,7,8
Trevor Williams,0.0898876404494382,1,2,3,4,5,6,7,8
Michael Feliz,0.0,1,2,3,4,5,6,7,8
Nik Turley,0.0,1,2,3,4,5,6,7,8
Chad Kuhl,0.0967741935483871,1,2,3,4,5,6,7,8
Austin Hedges,0.18382352941176472,1,2,3,4,5,6,7,8
Eric Hosmer,0.2525697503671072,1,2,3,4,5,6,7,8
Jurickson Profar,0.2052980132450331,1,2,3,4,5,6,7,8
Fernando Tatis Jr.,0.2841225626740947,1,2,3,4,5,6,7,8
Manny Machado,0.2524682651622003,1,2,3,4,5,6,7,8
Tommy Pham,0.23763955342902712,1,2,3,4,5,6,7,8
Trent Grisham,0.200339558573854,1,2,3,4,5,6,7,8
Edward Olivares,0.2857142857142857,1,2,3,4,5,6,7,8
Wil Myers,0.22342064714946072,1,2,3,4,5,6,7,8
Ty France,0.21593291404612158,1,2,3,4,5,6,7,8
Greg Garcia,0.2098092643051771,1,2,3,4,5,6,7,8
Francisco Mejia,0.22077922077922077,1,2,3,4,5,6,7,8
Josh Naylor,0.22153209109730848,1,2,3,4,5,6,7,8
Jake Cronenworth,1.0,1,2,3,4,5,6,7,8
Matt Strahm,0.16923076923076924,1,2,3,4,5,6,7,8
Luis Perdomo,0.11801242236024845,1,2,3,4,5,6,7,8
Kirby Yates,0.0,1,2,3,4,5,6,7,8
Cal Quantrill,0.06493506493506493,1,2,3,4,5,6,7,8
Tim Hill,0.0,1,2,3,4,5,6,7,8
Joey Lucchesi,0.05517241379310345,1,2,3,4,5,6,7,8
Dinelson Lamet,0.09554140127388536,1,2,3,4,5,6,7,8
Drew Pomeranz,0.11764705882352941,1,2,3,4,5,6,7,8
Chris Paddack,0.10738255033557047,1,2,3,4,5,6,7,8
Pierce Johnson,0.0,1,2,3,4,5,6,7,8
Craig Stammen,0.18181818181818182,1,2,3,4,5,6,7,8
Emilio Pagan,0.0,1,2,3,4,5,6,7,8
Javy Guerra,0.10204081632653061,1,2,3,4,5,6,7,8
Garrett Richards,0.0,1,2,3,4,5,6,7,8
Tyler Heineman,0.30472103004291845,1,2,3,4,5,6,7,8
Pablo Sandoval,0.2560777957860616,1,2,3,4,5,6,7,8
Wilmer Flores,0.25,1,2,3,4,5,6,7,8
Brandon Crawford,0.22295081967213115,1,2,3,4,5,6,7,8
Donovan Solano,0.24701195219123506,1,2,3,4,5,6,7,8
Joe McCarthy,0.0,1,2,3,4,5,6,7,8
Mike Yastrzemski,0.2448,1,2,3,4,5,6,7,8
Jaylin Davis,0.16079295154185022,1,2,3,4,5,6,7,8
Mauricio Dubon,0.2483221476510067,1,2,3,4,5,6,7,8
Hunter Pence,0.25675675675675674,1,2,3,4,5,6,7,8
Darin Ruf,0.21308016877637131,1,2,3,4,5,6,7,8
Alex Dickerson,0.23858921161825727,1,2,3,4,5,6,7,8
Austin Slater,0.2250996015936255,1,2,3,4,5,6,7,8
Rob Brantly,0.20689655172413793,1,2,3,4,5,6,7,8
Kevin Gausman,0.030303030303030304,1,2,3,4,5,6,7,8
Sam Coonrod,0,1,2,3,4,5,6,7,8
Tony Watson,0.0,1,2,3,4,5,6,7,8
Rico Garcia,0.0,1,2,3,4,5,6,7,8
Dany Jimenez,0,1,2,3,4,5,6,7,8
Johnny Cueto,0.0851063829787234,1,2,3,4,5,6,7,8
Conner Menez,0.0,1,2,3,4,5,6,7,8
Tyler Anderson,0.07667731629392971,1,2,3,4,5,6,7,8
Wandy Peralta,0.0,1,2,3,4,5,6,7,8
Drew Smyly,0.0,1,2,3,4,5,6,7,8
Trevor Gott,0.0,1,2,3,4,5,6,7,8
Tyler Rogers,0,1,2,3,4,5,6,7,8
Logan Webb,0.09019607843137255,1,2,3,4,5,6,7,8
Caleb Baragar,0,1,2,3,4,5,6,7,8
Shaun Anderson,0.0718232044198895,1,2,3,4,5,6,7,8
Austin Nola,0.23669724770642203,1,2,3,4,5,6,7,8
Evan White,0.2222222222222222,1,2,3,4,5,6,7,8
Shed Long,0.23053435114503817,1,2,3,4,5,6,7,8
J.P. Crawford,0.19117647058823528,1,2,3,4,5,6,7,8
Kyle Seager,0.23122238586156113,1,2,3,4,5,6,7,8
Dee Gordon,0.2693452380952381,1,2,3,4,5,6,7,8
Kyle Lewis,0.2686131386861314,1,2,3,4,5,6,7,8
Mallex Smith,0.23026315789473684,1,2,3,4,5,6,7,8
Jose Marmolejos,0.15384615384615385,1,2,3,4,5,6,7,8
Tim Lopes,0.24606299212598426,1,2,3,4,5,6,7,8
Daniel Vogelbach,0.17055655296229802,1,2,3,4,5,6,7,8
Joe Hudson,0.12355212355212356,1,2,3,4,5,6,7,8
Yohan Ramirez,0,1,2,3,4,5,6,7,8
Taylor Guilbeau,0,1,2,3,4,5,6,7,8
Kendall Graveman,0.0,1,2,3,4,5,6,7,8
Anthony Misiewicz,0,1,2,3,4,5,6,7,8
Bryan Shaw,0,1,2,3,4,5,6,7,8
Yusei Kikuchi,0.0,1,2,3,4,5,6,7,8
Taylor Williams,0.16666666666666666,1,2,3,4,5,6,7,8
Dan Altavilla,0,1,2,3,4,5,6,7,8
Nick Margevicius,0.17901234567901234,1,2,3,4,5,6,7,8
Matt Magill,0.0,1,2,3,4,5,6,7,8
Nestor Cortes Jr.,0,1,2,3,4,5,6,7,8
Brandon Brennan,0,1,2,3,4,5,6,7,8
Taijuan Walker,0.19161676646706588,1,2,3,4,5,6,7,8
Zac Grotz,0,1,2,3,4,5,6,7,8
Marco Gonzales,0.20987654320987653,1,2,3,4,5,6,7,8
Carl Edwards Jr.,0.0,1,2,3,4,5,6,7,8
Yadier Molina,0.256,1,2,3,4,5,6,7,8
Paul Goldschmidt,0.24820659971305595,1,2,3,4,5,6,7,8
Kolten Wong,0.23130434782608697,1,2,3,4,5,6,7,8
Paul DeJong,0.2259970457902511,1,2,3,4,5,6,7,8
Tommy Edman,0.2820097244732577,1,2,3,4,5,6,7,8
Tyler O'Neill,0.23737373737373738,1,2,3,4,5,6,7,8
Harrison Bader,0.2047713717693837,1,2,3,4,5,6,7,8
Dexter Fowler,0.22188449848024316,1,2,3,4,5,6,7,8
Matt Carpenter,0.22713864306784662,1,2,3,4,5,6,7,8
Lane Thomas,0.2523809523809524,1,2,3,4,5,6,7,8
Matt Wieters,0.2245557350565428,1,2,3,4,5,6,7,8
Jack Flaherty,0.13745704467353953,1,2,3,4,5,6,7,8
Junior Fernandez,0,1,2,3,4,5,6,7,8
Andrew Miller,0.047058823529411764,1,2,3,4,5,6,7,8
Dakota Hudson,0.06666666666666667,1,2,3,4,5,6,7,8
Tyler Webb,0.0,1,2,3,4,5,6,7,8
Adam Wainwright,0.175,1,2,3,4,5,6,7,8
Austin Gomber,0.19047619047619047,1,2,3,4,5,6,7,8
Daniel Ponce de Leon,0.043209876543209874,1,2,3,4,5,6,7,8
Kwang Hyun Kim,0,1,2,3,4,5,6,7,8
Kodi Whitley,0,1,2,3,4,5,6,7,8
John Gant,0.041666666666666664,1,2,3,4,5,6,7,8
Ryan Helsley,0.35,1,2,3,4,5,6,7,8
Mike Zunino,0.18342151675485008,1,2,3,4,5,6,7,8
Ji-Man Choi,0.20930232558139536,1,2,3,4,5,6,7,8
Brandon Lowe,0.23824959481361427,1,2,3,4,5,6,7,8
Willy Adames,0.23709677419354838,1,2,3,4,5,6,7,8
Yandy Díaz,0.24006359300476948,1,2,3,4,5,6,7,8
Manuel Margot,0.2270363951473137,1,2,3,4,5,6,7,8
Kevin Kiermaier,0.22764227642276422,1,2,3,4,5,6,7,8
Hunter Renfroe,0.21428571428571427,1,2,3,4,5,6,7,8
Jose Martinez,0.2661596958174905,1,2,3,4,5,6,7,8
Yoshi Tsutsugo,0.125,1,2,3,4,5,6,7,8
Joey Wendle,0.24874791318864775,1,2,3,4,5,6,7,8
Mike Brosseau,0.255079006772009,1,2,3,4,5,6,7,8
Michael Perez,0.2251655629139073,1,2,3,4,5,6,7,8
Kevan Smith,0.2518796992481203,1,2,3,4,5,6,7,8
Chaz Roe,0.0,1,2,3,4,5,6,7,8
Trevor Richards,0.06976744186046512,1,2,3,4,5,6,7,8
Aaron Loup,0.0,1,2,3,4,5,6,7,8
Andrew Kittredge,0.0,1,2,3,4,5,6,7,8
Blake Snell,0.0,1,2,3,4,5,6,7,8
Diego Castillo,0.0,1,2,3,4,5,6,7,8
Jalen Beeks,0.0,1,2,3,4,5,6,7,8
Pete Fairbanks,0,1,2,3,4,5,6,7,8
Ryan Yarbrough,0.0,1,2,3,4,5,6,7,8
Nick Anderson,0,1,2,3,4,5,6,7,8
Jose Alvarado,0,1,2,3,4,5,6,7,8
Ryan Thompson,0,1,2,3,4,5,6,7,8
Tyler Glasnow,0.17346938775510204,1,2,3,4,5,6,7,8
Oliver Drake,0.5,1,2,3,4,5,6,7,8
Charlie Morton,0.06645569620253164,1,2,3,4,5,6,7,8
Robinson Chirinos,0.20034843205574912,1,2,3,4,5,6,7,8
Ronald Guzman,0.20430107526881722,1,2,3,4,5,6,7,8
Rougned Odor,0.22033898305084745,1,2,3,4,5,6,7,8
Elvis Andrus,0.2471264367816092,1,2,3,4,5,6,7,8
Todd Frazier,0.21483771251931993,1,2,3,4,5,6,7,8
Nick Solak,0.2593167701863354,1,2,3,4,5,6,7,8
Danny Santana,0.24500907441016334,1,2,3,4,5,6,7,8
Joey Gallo,0.18092105263157895,1,2,3,4,5,6,7,8
Willie Calhoun,0.2332214765100671,1,2,3,4,5,6,7,8
Shin-Soo Choo,0.2332859174964438,1,2,3,4,5,6,7,8
Isiah Kiner-Falefa,0.22887323943661972,1,2,3,4,5,6,7,8
Rob Refsnyder,0.19174757281553398,1,2,3,4,5,6,7,8
Jeff Mathis,0.1760154738878143,1,2,3,4,5,6,7,8
Jose Trevino,0.2454728370221328,1,2,3,4,5,6,7,8
Leody Taveras,0,1,2,3,4,5,6,7,8
Jonathan Hernandez,0,1,2,3,4,5,6,7,8
Nick Goody,0,1,2,3,4,5,6,7,8
Ian Gibaut,0,1,2,3,4,5,6,7,8
Mike Minor,0.10588235294117647,1,2,3,4,5,6,7,8
Joe Palumbo,0,1,2,3,4,5,6,7,8
Luke Farrell,0.0,1,2,3,4,5,6,7,8
Edinson Volquez,0.07716049382716049,1,2,3,4,5,6,7,8
Jose Leclerc,0,1,2,3,4,5,6,7,8
Jesse Chavez,0.1,1,2,3,4,5,6,7,8
Lance Lynn,0.06885245901639345,1,2,3,4,5,6,7,8
Corey Kluber,0.09876543209876543,1,2,3,4,5,6,7,8
Danny Jansen,0.19469026548672566,1,2,3,4,5,6,7,8
Vladimir Guerrero Jr.,0.24447717231222385,1,2,3,4,5,6,7,8
Cavan Biggio,0.19627507163323782,1,2,3,4,5,6,7,8
Bo Bichette,0.28514588859416445,1,2,3,4,5,6,7,8
Brandon Drury,0.23208191126279865,1,2,3,4,5,6,7,8
Lourdes Gurriel Jr.,0.25987841945288753,1,2,3,4,5,6,7,8
Randal Grichuk,0.22673434856175972,1,2,3,4,5,6,7,8
Teoscar Hernandez,0.21585160202360876,1,2,3,4,5,6,7,8
Rowdy Tellez,0.2170940170940171,1,2,3,4,5,6,7,8
Derek Fisher,0.16964285714285715,1,2,3,4,5,6,7,8
Travis Shaw,0.2137030995106036,1,2,3,4,5,6,7,8
Joe Panik,0.24336973478939158,1,2,3,4,5,6,7,8
Reese McGuire,0.274,1,2,3,4,5,6,7,8
Santiago Espinal,0.0,1,2,3,4,5,6,7,8
Anthony Alford,0.13090909090909092,1,2,3,4,5,6,7,8
Sam Gaviglio,0.25,1,2,3,4,5,6,7,8
Trent Thornton,0.6666666666666666,1,2,3,4,5,6,7,8
Anthony Bass,0.10144927536231885,1,2,3,4,5,6,7,8
Jordan Romano,0,1,2,3,4,5,6,7,8
Ken Giles,0,1,2,3,4,5,6,7,8
Anthony Kay,0,1,2,3,4,5,6,7,8
Rafael Dolis,0,1,2,3,4,5,6,7,8
Tom Hatch,0,1,2,3,4,5,6,7,8
Shun Yamaguchi,0,1,2,3,4,5,6,7,8
Matt Shoemaker,0.0,1,2,3,4,5,6,7,8
Hyun Jin Ryu,0.14814814814814814,1,2,3,4,5,6,7,8
Brian Moran,0,1,2,3,4,5,6,7,8
Ryan Borucki,0,1,2,3,4,5,6,7,8
A.J. Cole,0.1,1,2,3,4,5,6,7,8
Kurt Suzuki,0.23376623376623376,1,2,3,4,5,6,7,8
Howie Kendrick,0.27301092043681746,1,2,3,4,5,6,7,8
Starlin Castro,0.26176470588235295,1,2,3,4,5,6,7,8
Trea Turner,0.2664796633941094,1,2,3,4,5,6,7,8
Asdrubal Cabrera,0.2413793103448276,1,2,3,4,5,6,7,8
Michael A. Taylor,0.22093023255813954,1,2,3,4,5,6,7,8
Victor Robles,0.23026315789473684,1,2,3,4,5,6,7,8
Adam Eaton,0.2507082152974504,1,2,3,4,5,6,7,8
Eric Thames,0.21554770318021202,1,2,3,4,5,6,7,8
Carter Kieboom,0.12755905511811025,1,2,3,4,5,6,7,8
Yan Gomes,0.22462562396006655,1,2,3,4,5,6,7,8
Andrew Stevenson,0.2056451612903226,1,2,3,4,5,6,7,8
Emilio Bonifacio,0.23090586145648312,1,2,3,4,5,6,7,8
Kyle Finnegan,0,1,2,3,4,5,6,7,8
Tanner Rainey,0.0,1,2,3,4,5,6,7,8
Will Harris,0.0,1,2,3,4,5,6,7,8
Ryne Harper,0,1,2,3,4,5,6,7,8
Javy Guerra,0.0,1,2,3,4,5,6,7,8
Anibal Sanchez,0.0728862973760933,1,2,3,4,5,6,7,8
Daniel Hudson,0.19117647058823528,1,2,3,4,5,6,7,8
Max Scherzer,0.1671309192200557,1,2,3,4,5,6,7,8
Sean Doolittle,0.0,1,2,3,4,5,6,7,8
Patrick Corbin,0.13513513513513514,1,2,3,4,5,6,7,8
Erick Fedde,0.07281553398058252,1,2,3,4,5,6,7,8
James Bourque,0,1,2,3,4,5,6,7,8
Sam Freeman,0.0,1,2,3,4,5,6,7,8
